"1AM17CS101","sha"
"1AM17CS102","bob"
"1AM17CS103","mop"
"1AM17CS104","tom"
"1AM17CS105","top"
"1AM17CS106","tim"
"1AM17CS107","mop"
"1AM17CS108","kok"
"1AM17CS109","rev "
"1AM17CS110","not"
"1AM17CS111","uno"
"1AM17CS112","pot"
"1AM17CS113","tim"
"1AM17CS114","top"
"1AM17CS115","tip"
"1AM17CS116","ass"
"1AM17CS117","fun"
"1AM17CS118","123"
"1AM17CS119","jim"
"1AM17CS120","jon"
"1AM17CS121","nish"
"1AM17CS122","456"
"1AM17CS123","789"
"1AM17CS124","torme"
"1AM17CS125","rum"
"1AM17CS126","dsf"
"1AM17CS127","jatre"
"1AM17CS128","hat"
"1AM17CS129","67gun"
"1AM17CS130","80opi"
"1AM17CS131","fa69n"
"1AM17CS132","jha"
"1AM17CS133","napue"
"1AM17CS134","cap79"
"1AM17CS135","69"
